time_seconds,rf_power,lf_power,rb_power,lb_power,battery_voltage
0.102,-0.0,0.0,0.0,0.0,13.184000000000001
0.204,-0.0,0.0,0.0,0.0,13.184000000000001
0.306,-0.0,0.0,0.0,0.0,13.175
0.406,-0.0,0.0,0.0,0.0,13.188
0.507,-0.0,0.0,0.0,0.0,13.184000000000001
0.609,-0.0,0.0,0.0,0.0,13.184000000000001
0.710,-0.0,0.0,0.0,0.0,13.179
0.812,-0.0,0.0,0.0,0.0,13.184000000000001
0.913,-0.0,0.0,0.0,0.0,13.184000000000001
1.015,-0.0,0.0,0.0,0.0,13.184000000000001
1.116,-0.0,0.0,0.0,0.0,13.184000000000001
1.217,-0.0,0.0,0.0,0.0,13.184000000000001
1.318,-0.0,0.0,0.0,0.0,13.184000000000001
1.418,-0.0,0.0,0.0,0.0,13.184000000000001
1.520,-0.0,0.0,0.0,0.0,13.184000000000001
1.621,-0.0,0.0,0.0,0.0,13.184000000000001
1.724,-1.0,1.0,1.0,-1.0,11.864
1.824,-1.0,1.0,1.0,-1.0,12.441
1.925,-1.0,1.0,1.0,-1.0,12.445
2.026,-1.0,1.0,1.0,-1.0,12.559000000000001
2.127,-0.0,0.0,0.0,0.0,13.114
2.228,-0.0,0.0,0.0,0.0,13.144
2.330,0.3595001816749573,-0.261907172203064,-0.261907172203064,0.3595001816749573,12.996
2.432,1.0,-0.5008210140830185,-0.5008210140830185,1.0,12.546
2.532,1.0,-1.0,-1.0,1.0,12.367
2.633,1.0,-1.0,-1.0,1.0,12.511000000000001
2.733,1.0,-1.0,-1.0,1.0,12.533
2.834,0.8875747642873775,-1.0,-1.0,0.8875747642873775,12.668000000000001
2.935,0.5447514587780613,-1.0,-1.0,0.5447514587780613,12.821
3.035,-0.03646433746098623,-1.0,-1.0,-0.03646433746098623,12.856
3.136,0.029648530832029965,-1.0,-1.0,0.029648530832029965,12.874
3.236,-0.0,0.0,0.0,0.0,13.123000000000001
3.338,-0.0,0.0,0.0,0.0,13.136000000000001
3.439,-0.0,0.0,0.0,0.0,13.136000000000001
3.540,-0.0,0.0,0.0,0.0,13.14
3.644,-1.0,1.0,1.0,-1.0,12.231
3.744,-0.8609812202372853,1.0,1.0,-0.8609812202372853,12.524000000000001
3.845,-0.8350769023805603,1.0,1.0,-0.8350769023805603,12.528
3.946,-0.8223933097034382,1.0,1.0,-0.8223933097034382,12.589
4.047,-0.8223933097034382,1.0,1.0,-0.8223933097034382,12.646
4.149,-0.9723495634938297,1.0,1.0,-0.9723495634938297,12.471
4.250,-1.0,1.0,1.0,-1.0,12.594
4.351,-1.0,1.0,1.0,-1.0,12.642
4.451,-0.3198462396860123,0.3198462396860123,0.3198462396860123,-0.3198462396860123,13.057
4.551,-0.0,0.0,0.0,0.0,13.105
4.652,-0.0,0.0,0.0,0.0,13.118
4.752,-0.0,0.0,0.0,0.0,13.123000000000001
4.854,1.0,-1.0,-1.0,1.0,11.882
4.956,1.0,-1.0,-1.0,1.0,12.375
5.057,0.8609301077853632,-1.0,-1.0,0.8609301077853632,12.589
5.161,0.8350272029471343,-1.0,-1.0,0.8350272029471343,12.581
5.262,0.7614716629613636,-1.0,-1.0,0.7614716629613636,12.677
5.362,-0.0,0.0,0.0,0.0,13.083
5.463,-0.0,0.0,0.0,0.0,13.105
5.564,1.0,1.0,1.0,1.0,12.056000000000001
5.665,1.0,1.0,1.0,1.0,12.353
5.765,0.6045955341968343,1.0,1.0,0.6045955341968343,12.673
5.866,-0.2930876839186406,1.0,1.0,-0.2930876839186406,12.524000000000001
5.967,-1.0,1.0,1.0,-1.0,12.231
6.068,-1.0,0.738246280694329,0.738246280694329,-1.0,12.642
6.170,-1.0,0.11758832043541124,0.11758832043541124,-1.0,12.852
6.273,-1.0,0.872158589346354,0.872158589346354,-1.0,12.458
6.374,1.0,1.0,1.0,1.0,11.882
6.478,1.0,1.0,1.0,1.0,12.397
6.580,1.0,1.0,1.0,1.0,12.489
6.682,1.0,0.6045495763792484,0.6045495763792484,1.0,12.611
6.786,1.0,0.5258979090306342,0.5258979090306342,1.0,12.69
6.888,1.0,0.5152870416347325,0.5152870416347325,1.0,12.769
6.990,0.9794512629508972,0.6701053738594055,0.6701053738594055,0.9794512629508972,12.839
7.090,-0.19901899993419647,-0.19901899993419647,-0.19901899993419647,-0.19901899993419647,12.799
7.191,-1.0,-1.0,-1.0,-1.0,12.0
7.292,-1.0,-1.0,-1.0,-1.0,12.279
7.393,-1.0,-1.0,-1.0,-1.0,12.349
7.495,-1.0,-1.0,-1.0,-1.0,12.362
7.596,-1.0,-1.0,-1.0,-1.0,12.393
7.698,-1.0,-1.0,-1.0,-1.0,12.419
7.798,-1.0,-1.0,-1.0,-1.0,12.572000000000001
7.899,-0.8188378228697513,-1.0,-1.0,-0.8188378228697513,12.795
8.000,-0.23506072024530486,-1.0,-1.0,-0.23506072024530486,12.856
8.100,-0.23506072024530486,-1.0,-1.0,-0.23506072024530486,12.891
8.201,-0.42603867883556606,-1.0,-1.0,-0.42603867883556606,12.882
8.302,-0.42603867883556606,-1.0,-1.0,-0.42603867883556606,12.878
8.404,-0.0,0.0,0.0,0.0,12.961
8.505,-0.0,0.0,0.0,0.0,13.066
8.606,1.0,-1.0,-1.0,1.0,11.785
8.706,1.0,-1.0,-1.0,1.0,12.327
8.807,1.0,-1.0,-1.0,1.0,12.437
8.908,1.0,-1.0,-1.0,1.0,12.467
9.009,-0.0,0.0,0.0,0.0,13.044
9.110,-0.0,0.0,0.0,0.0,13.061
9.212,-0.0,0.0,0.0,0.0,13.07
9.314,-0.0,0.0,0.0,0.0,13.075000000000001
9.415,-0.0,0.0,0.0,0.0,13.075000000000001
9.517,-0.0,0.0,0.0,0.0,13.079
9.618,-0.0,0.0,0.0,0.0,13.079
9.718,-0.0,0.0,0.0,0.0,13.083
9.820,-0.0,0.0,0.0,0.0,13.088000000000001
9.920,-0.0,0.0,0.0,0.0,13.088000000000001
10.021,-0.0,0.0,0.0,0.0,13.092
10.123,-0.0,0.0,0.0,0.0,13.092
10.225,-0.0,0.0,0.0,0.0,13.088000000000001
